<?xml version="1.0" encoding="UTF-8" ?>
<Configuration status = "info">
    <Properties>
        <property name="pattern_console">%d{HH:mm:ss} %-5level- %msg%n</property>
        <property name="pattern_file">%d{yyyy-MM-dd HH:mm:ss} [%t] %-5level %logger{5} - %msg%n</property>
    </Properties>
    <TresholdFilter level="trace"/>

    <Appenders>
        <Console name="Console" target="SYSTEM_OUT">
            <PatternLayout pattern="${pattern_console}"/>
        </Console>
        <File name="logfile" filename="logfile" bufferedIO="true">
            <PatternLayout pattern="${pattern_file}"/>
        </File>
    </Appenders>

    <Loggers>
        <Logger name="logfile" level="trace" additivity="false">
            <AppenderRef ref = "logfile"/>
        </Logger>
        <Root level = "info">
            <Appender-ref ref =  "Console" level="trace"/>
            <Appender-ref ref ="logfile" level="trace"/>
        </Root>

    </Loggers>
</Configuration>